,City,Lat,Lng,Max Temp,Humidity,Cloudiness,Wind Speed,County,Date
0,avarua,-21.21,-159.78,80.6,74.0,61.0,3.36,CK,2020-10-19 23:33:08.243463
1,klaksvik,62.23,-6.59,37.4,69.0,16.0,5.82,FO,2020-10-19 23:33:08.335434
2,sioux lookout,50.1,-91.92,28.4,79.0,40.0,3.36,CA,2020-10-19 23:33:08.396412
3,albany,42.6,-73.97,57.0,83.0,100.0,7.45,US,2020-10-19 23:33:08.442417
4,cabedelo,-6.98,-34.83,73.4,88.0,20.0,5.82,BR,2020-10-19 23:33:08.508377
5,ushuaia,-54.8,-68.3,35.6,89.0,75.0,34.45,AR,2020-10-19 23:33:08.550364
6,punta arenas,-53.15,-70.92,39.2,69.0,20.0,16.11,CL,2020-10-19 23:33:08.592352
7,iqaluit,63.75,-68.51,24.8,85.0,90.0,9.17,CA,2020-10-19 23:33:08.640336
8,busselton,-33.65,115.33,72.0,57.0,1.0,4.0,AU,2020-10-19 23:33:08.682321
9,cherskiy,68.75,161.3,22.48,94.0,73.0,3.31,RU,2020-10-19 23:33:08.737304
10,yangjiang,21.85,111.97,79.0,53.0,16.0,10.8,CN,2020-10-19 23:33:08.858268
11,mar del plata,-38.0,-57.56,53.01,62.0,7.0,9.17,AR,2020-10-19 23:33:08.906251
12,rikitea,-23.12,-134.97,74.3,77.0,0.0,10.58,PF,2020-10-19 23:33:08.948237
13,talnakh,69.49,88.4,12.2,85.0,40.0,4.47,RU,2020-10-19 23:33:09.011217
14,quzhou,28.96,118.87,67.37,67.0,21.0,10.58,CN,2020-10-19 23:33:09.124181
15,bredasdorp,-34.53,20.04,55.4,87.0,53.0,9.17,ZA,2020-10-19 23:33:09.177163
16,saldanha,-33.01,17.94,50.0,81.0,71.0,2.24,ZA,2020-10-19 23:33:09.223149
17,tuatapere,-46.13,167.68,53.01,69.0,71.0,14.0,NZ,2020-10-19 23:33:09.274133
18,mataura,-46.19,168.86,53.01,69.0,89.0,14.0,NZ,2020-10-19 23:33:09.320118
19,kapaa,22.08,-159.32,82.4,69.0,40.0,6.93,US,2020-10-19 23:33:09.373102
20,kyra,49.58,111.98,34.9,75.0,100.0,20.51,RU,2020-10-19 23:33:09.443079
21,cascais,38.7,-9.42,64.0,100.0,100.0,8.95,PT,2020-10-19 23:33:09.547046
22,homer,59.64,-151.55,41.0,69.0,1.0,4.7,US,2020-10-19 23:33:09.596029
23,tuktoyaktuk,69.45,-133.04,21.2,85.0,90.0,11.41,CA,2020-10-19 23:33:09.659011
24,georgetown,5.41,100.34,86.0,74.0,20.0,4.7,MY,2020-10-19 23:33:09.702997
25,pueblo,38.25,-104.61,45.0,52.0,1.0,4.59,US,2020-10-19 23:33:09.748982
26,hami,42.8,93.45,56.68,34.0,0.0,2.06,CN,2020-10-19 23:33:09.806964
27,los llanos de aridane,28.66,-17.92,82.4,54.0,84.0,14.99,ES,2020-10-19 23:33:09.854948
28,tual,-5.67,132.75,77.49,80.0,100.0,8.32,ID,2020-10-19 23:33:09.936921
29,hermanus,-34.42,19.23,55.99,89.0,31.0,1.99,ZA,2020-10-19 23:33:09.985906
30,richards bay,-28.78,32.04,70.59,91.0,45.0,4.45,ZA,2020-10-19 23:33:10.032892
31,illoqqortoormiut,,,,,,,,
32,victoria,22.29,114.16,79.0,64.0,0.0,3.0,HK,2020-10-19 23:33:10.147854
33,cidreira,-30.18,-50.21,66.69,93.0,1.0,12.17,BR,2020-10-19 23:33:10.210834
34,bluff,-46.6,168.33,53.01,68.0,43.0,11.99,NZ,2020-10-19 23:33:10.262821
35,yanam,16.73,82.22,78.8,88.0,75.0,4.7,IN,2020-10-19 23:33:10.325798
36,new norfolk,-42.78,147.06,70.0,46.0,70.0,1.99,AU,2020-10-19 23:33:10.388776
37,banda aceh,5.56,95.32,88.12,57.0,19.0,7.02,ID,2020-10-19 23:33:10.433763
38,bambous virieux,-20.34,57.76,77.0,78.0,40.0,11.41,MU,2020-10-19 23:33:10.506740
39,phan rang,,,,,,,,
40,salalah,17.02,54.09,78.8,57.0,40.0,2.24,OM,2020-10-19 23:33:10.616705
41,san patricio,28.02,-97.52,79.0,88.0,40.0,12.75,US,2020-10-19 23:33:10.684683
42,cape town,-33.93,18.42,59.0,93.0,75.0,2.24,ZA,2020-10-19 23:33:10.739665
43,ashqelon,31.67,34.57,71.01,77.0,6.0,5.82,IL,2020-10-19 23:33:10.803644
44,pokosnoye,55.53,101.05,31.14,84.0,97.0,10.51,RU,2020-10-19 23:33:10.877621
45,vaini,-21.2,-175.2,77.0,65.0,20.0,11.41,TO,2020-10-19 23:33:10.924606
46,nikolskoye,59.7,30.79,35.6,80.0,90.0,13.42,RU,2020-10-19 23:33:10.979591
47,atsiki,,,,,,,,
48,krasnosilka,46.62,30.77,35.6,63.0,2.0,2.24,UA,2020-10-19 23:33:11.105550
49,makakilo city,21.35,-158.09,82.4,74.0,75.0,5.82,US,2020-10-19 23:33:11.147535
50,pangai,-19.8,-174.35,77.0,73.0,20.0,11.41,TO,2020-10-19 23:33:11.241505
51,subate,56.01,25.91,35.58,86.0,11.0,11.45,LV,2020-10-19 23:33:11.302486
52,taolanaro,,,,,,,,
53,jamestown,42.1,-79.24,54.0,93.0,90.0,10.29,US,2020-10-19 23:33:11.402455
54,grand centre,,,,,,,,
55,puerto ayora,-0.74,-90.35,68.0,95.0,91.0,3.0,EC,2020-10-19 23:33:11.505422
56,narsaq,60.92,-46.05,32.0,86.0,98.0,4.7,GL,2020-10-19 23:33:11.553405
57,lasa,46.62,10.7,46.0,50.0,5.0,1.61,IT,2020-10-19 23:33:11.606388
58,nizhneyansk,,,,,,,,
59,merauke,-8.47,140.33,83.37,76.0,45.0,14.03,ID,2020-10-19 23:33:11.769337
60,hobart,-42.88,147.33,69.01,59.0,20.0,12.75,AU,2020-10-19 23:33:11.814498
61,sitka,57.05,-135.33,42.8,87.0,90.0,8.05,US,2020-10-19 23:33:11.877426
62,nanakuli,21.39,-158.15,82.4,74.0,75.0,5.82,US,2020-10-19 23:33:11.942408
63,amderma,,,,,,,,
64,codrington,-38.27,141.97,56.89,74.0,88.0,8.48,AU,2020-10-19 23:33:12.068449
65,dukat,62.55,155.55,19.31,96.0,100.0,5.03,RU,2020-10-19 23:33:12.130651
66,santa cecilia,-26.96,-50.43,60.4,94.0,90.0,4.97,BR,2020-10-19 23:33:12.191631
67,kodiak,57.79,-152.41,42.8,60.0,20.0,8.05,US,2020-10-19 23:33:12.237806
68,port hardy,50.7,-127.42,44.6,93.0,40.0,4.7,CA,2020-10-19 23:33:12.294787
69,betsiamites,48.94,-68.65,46.4,100.0,90.0,3.36,CA,2020-10-19 23:33:12.341745
70,hithadhoo,-0.6,73.08,82.67,78.0,89.0,12.84,MV,2020-10-19 23:33:12.385729
71,dubai,25.26,55.3,75.2,33.0,0.0,3.36,AE,2020-10-19 23:33:12.432554
72,yellowknife,62.46,-114.35,26.6,79.0,75.0,1.57,CA,2020-10-19 23:33:12.481539
73,clyde river,70.47,-68.59,32.0,91.0,90.0,17.22,CA,2020-10-19 23:33:12.532533
74,estelle,29.85,-90.11,75.0,100.0,1.0,5.82,US,2020-10-19 23:33:12.592502
75,tubuala,9.52,-79.03,77.0,94.0,75.0,3.36,PA,2020-10-19 23:33:12.650485
76,cartagena del chaira,1.33,-74.84,72.79,91.0,59.0,1.86,CO,2020-10-19 23:33:12.709468
77,brenham,30.17,-96.4,77.0,94.0,1.0,8.05,US,2020-10-19 23:33:12.781442
78,port alfred,-33.59,26.89,61.81,73.0,11.0,20.96,ZA,2020-10-19 23:33:12.836427
79,khatanga,71.97,102.5,13.41,97.0,82.0,4.63,RU,2020-10-19 23:33:12.879411
80,bethel,41.37,-73.41,54.0,93.0,1.0,2.44,US,2020-10-19 23:33:12.927399
81,tasiilaq,65.61,-37.64,26.6,100.0,86.0,4.7,GL,2020-10-19 23:33:12.986378
82,faya,18.39,42.45,53.6,27.0,0.0,5.82,SA,2020-10-19 23:33:13.027363
83,nehe,48.48,124.83,55.38,40.0,100.0,15.35,CN,2020-10-19 23:33:13.120335
84,atuona,-9.8,-139.03,78.69,74.0,1.0,18.37,PF,2020-10-19 23:33:13.160321
85,banjar,-8.19,114.97,84.2,70.0,75.0,11.41,ID,2020-10-19 23:33:13.220302
86,salumbar,24.13,74.05,78.8,74.0,40.0,2.84,IN,2020-10-19 23:33:13.277283
87,hay river,60.82,-115.8,19.4,73.0,20.0,2.24,CA,2020-10-19 23:33:13.341263
88,chagda,,,,,,,,
89,murwillumbah,-28.32,153.4,77.0,44.0,96.0,20.8,AU,2020-10-19 23:33:13.445229
90,zhanaozen,43.3,52.8,55.24,98.0,8.0,8.41,KZ,2020-10-19 23:33:13.520206
91,lebedinyy,58.52,125.52,23.81,98.0,100.0,5.46,RU,2020-10-19 23:33:13.589187
92,dubinino,55.62,89.09,37.51,76.0,100.0,11.3,RU,2020-10-19 23:33:13.644206
93,negara,-8.32,114.6,87.04,60.0,20.0,3.65,ID,2020-10-19 23:33:13.704147
94,tiksi,71.69,128.87,14.86,92.0,100.0,23.73,RU,2020-10-19 23:33:13.757131
95,torbay,47.67,-52.73,48.99,87.0,20.0,10.29,CA,2020-10-19 23:33:13.811114
96,bilma,18.69,12.92,75.42,19.0,0.0,1.5,NE,2020-10-19 23:33:13.877093
97,ojinaga,29.57,-104.42,77.0,22.0,1.0,4.68,MX,2020-10-19 23:33:13.943072
98,san lazaro,18.04,-88.66,73.58,94.0,28.0,2.66,BZ,2020-10-19 23:33:14.009051
99,vardo,70.37,31.11,35.6,80.0,40.0,14.99,NO,2020-10-19 23:33:14.078028
100,saint-philippe,-21.36,55.77,75.2,47.0,35.0,4.7,RE,2020-10-19 23:33:14.150010
101,hualmay,-11.1,-77.61,61.45,87.0,5.0,6.69,PE,2020-10-19 23:33:14.207986
102,saint george,37.1,-113.58,73.4,13.0,1.0,2.51,US,2020-10-19 23:33:14.253973
103,mastic beach,40.77,-72.85,59.0,81.0,1.0,7.23,US,2020-10-19 23:33:14.335946
104,nemuro,43.32,145.57,59.0,41.0,40.0,6.93,JP,2020-10-19 23:33:14.403926
105,bengkulu,-3.8,102.27,85.46,62.0,100.0,2.93,ID,2020-10-19 23:33:14.446911
106,lakhimpur,27.95,80.77,80.51,48.0,0.0,3.85,IN,2020-10-19 23:33:14.512890
107,saskylakh,71.92,114.08,23.27,98.0,87.0,3.91,RU,2020-10-19 23:33:14.600861
108,thunder bay,48.4,-89.32,30.2,74.0,90.0,5.82,CA,2020-10-19 23:33:14.645592
109,port hueneme,34.15,-119.2,63.0,93.0,90.0,6.93,US,2020-10-19 23:33:14.700576
110,vao,-22.67,167.48,73.11,77.0,39.0,19.19,NC,2020-10-19 23:33:14.752558
111,noumea,-22.28,166.46,86.0,45.0,61.0,10.29,NC,2020-10-19 23:33:14.799545
112,muros,42.78,-9.06,61.0,90.0,100.0,7.0,ES,2020-10-19 23:33:14.863522
113,portland,45.52,-122.68,59.0,71.0,75.0,5.82,US,2020-10-19 23:33:14.899512
114,vaitupu,,,,,,,,
115,butaritari,3.07,172.79,82.53,76.0,100.0,11.36,KI,2020-10-19 23:33:14.990483
116,barrow,71.29,-156.79,24.8,79.0,90.0,11.41,US,2020-10-19 23:33:15.036469
117,lebu,-37.62,-73.65,49.03,74.0,1.0,14.36,CL,2020-10-19 23:33:15.078454
118,dalby,-27.18,151.27,87.01,22.0,84.0,1.99,AU,2020-10-19 23:33:15.141435
119,vallenar,-28.57,-70.76,59.54,40.0,0.0,2.55,CL,2020-10-19 23:33:15.200415
120,high rock,26.62,-78.28,80.6,77.0,100.0,19.82,BS,2020-10-19 23:33:15.266395
121,port elizabeth,-33.92,25.57,60.8,72.0,73.0,20.8,ZA,2020-10-19 23:33:15.313380
122,lagoa,39.05,-27.98,63.19,70.0,2.0,29.57,PT,2020-10-19 23:33:15.369364
123,kavaratti,10.57,72.64,82.4,78.0,20.0,5.82,IN,2020-10-19 23:33:15.424344
124,port blair,11.67,92.75,83.88,78.0,51.0,16.04,IN,2020-10-19 23:33:15.474329
125,harper,4.38,-7.72,76.71,80.0,100.0,6.51,LR,2020-10-19 23:33:15.535308
126,waipawa,-41.41,175.52,59.0,72.0,94.0,20.8,NZ,2020-10-19 23:33:15.599287
127,dovers,12.88,-61.18,83.71,70.0,13.0,8.66,VC,2020-10-19 23:33:15.653281
128,deloraine,-41.53,146.67,63.0,67.0,23.0,1.01,AU,2020-10-19 23:33:15.721249
129,qaanaaq,77.48,-69.36,28.58,88.0,68.0,6.51,GL,2020-10-19 23:33:15.757238
130,cockburn town,21.46,-71.14,82.02,75.0,95.0,10.49,TC,2020-10-19 23:33:15.803225
131,saint quentin,,,,,,,,
132,vostok,46.49,135.88,47.03,51.0,0.0,4.41,RU,2020-10-19 23:33:15.910190
133,baykit,61.67,96.37,26.49,92.0,91.0,5.97,RU,2020-10-19 23:33:15.972169
134,cabo san lucas,22.89,-109.91,82.99,74.0,5.0,4.7,MX,2020-10-19 23:33:16.018155
135,shitanjing,39.23,106.34,54.79,35.0,16.0,33.93,CN,2020-10-19 23:33:16.081135
136,tsihombe,,,,,,,,
137,kibaya,-5.3,36.57,61.95,83.0,88.0,6.11,TZ,2020-10-19 23:33:16.194098
138,east london,-33.02,27.91,60.8,77.0,40.0,17.22,ZA,2020-10-19 23:33:16.251080
139,jakoruda,,,,,,,,
140,tabas,33.6,56.92,51.8,14.0,0.0,4.7,IR,2020-10-19 23:33:16.354047
141,amuntai,-2.42,115.25,89.62,57.0,100.0,1.1,ID,2020-10-19 23:33:16.411028
142,labuan,5.28,115.24,86.0,70.0,20.0,2.24,MY,2020-10-19 23:33:16.765554
143,sorland,67.67,12.69,32.0,66.0,75.0,5.82,NO,2020-10-19 23:33:16.811556
144,rocha,-34.48,-54.33,56.95,93.0,94.0,14.5,UY,2020-10-19 23:33:16.926503
145,santa isabel do rio negro,-0.41,-65.02,73.72,95.0,100.0,1.63,BR,2020-10-19 23:33:16.987484
146,chinhoyi,-17.37,30.2,65.07,33.0,0.0,5.21,ZW,2020-10-19 23:33:17.050473
147,trelew,-43.25,-65.31,49.93,47.0,2.0,7.43,AR,2020-10-19 23:33:17.103446
148,belushya guba,,,,,,,,
149,sao joao da barra,-21.64,-41.05,72.09,85.0,100.0,11.14,BR,2020-10-19 23:33:17.229406
150,haibowan,,,,,,,,
151,chokurdakh,70.63,147.92,16.36,98.0,95.0,5.91,RU,2020-10-19 23:33:17.336388
152,isangel,-19.55,169.27,80.6,65.0,90.0,1.12,VU,2020-10-19 23:33:17.391354
153,vetluga,57.86,45.78,33.22,94.0,56.0,7.56,RU,2020-10-19 23:33:17.462370
154,airai,-8.93,125.41,82.18,33.0,0.0,5.53,TL,2020-10-19 23:33:17.510328
155,pevek,69.7,170.31,26.58,93.0,21.0,14.29,RU,2020-10-19 23:33:17.551303
156,chuy,-33.7,-53.46,63.39,85.0,9.0,14.09,UY,2020-10-19 23:33:17.618282
157,nelson bay,-32.72,152.15,69.8,60.0,40.0,16.11,AU,2020-10-19 23:33:17.676263
158,yar-sale,66.83,70.83,17.65,97.0,6.0,3.15,RU,2020-10-19 23:33:17.733245
159,san cristobal,7.77,-72.22,67.78,83.0,97.0,1.83,VE,2020-10-19 23:33:17.791227
160,nushki,29.55,66.02,64.89,21.0,0.0,1.63,PK,2020-10-19 23:33:17.856225
161,iringa,-7.77,35.7,64.4,68.0,20.0,5.35,TZ,2020-10-19 23:33:17.982166
162,olinda,-8.01,-34.86,78.8,69.0,40.0,10.29,BR,2020-10-19 23:33:18.056144
163,castro,-24.79,-50.01,63.14,93.0,56.0,10.49,BR,2020-10-19 23:33:18.103128
164,terra santa,-2.1,-56.49,80.19,52.0,52.0,1.9,BR,2020-10-19 23:33:18.167109
165,coruripe,-10.13,-36.18,74.25,82.0,14.0,10.67,BR,2020-10-19 23:33:18.244101
166,dryden,49.78,-92.75,24.8,73.0,1.0,6.93,CA,2020-10-19 23:33:18.303081
167,palabuhanratu,,,,,,,,
168,fairbanks,64.84,-147.72,21.99,85.0,90.0,1.99,US,2020-10-19 23:33:18.396033
169,atasu,48.68,71.64,47.08,40.0,0.0,5.97,KZ,2020-10-19 23:33:18.454015
170,saint anthony,45.02,-93.22,32.0,92.0,1.0,3.65,US,2020-10-19 23:33:18.528991
171,saint-francois,46.42,3.91,59.0,62.0,96.0,13.87,FR,2020-10-19 23:33:18.586062
172,cornelio procopio,-23.18,-50.65,71.6,78.0,46.0,2.24,BR,2020-10-19 23:33:18.668947
173,norman wells,65.28,-126.83,14.0,85.0,40.0,10.29,CA,2020-10-19 23:33:18.726938
174,gushi,34.64,109.58,69.19,35.0,100.0,7.61,CN,2020-10-19 23:33:18.831894
175,fortuna,40.6,-124.16,55.99,100.0,90.0,3.36,US,2020-10-19 23:33:18.926864
176,coihaique,-45.58,-72.07,35.6,95.0,11.0,3.36,CL,2020-10-19 23:33:18.991843
177,vilcun,-38.65,-72.23,39.2,100.0,8.0,3.36,CL,2020-10-19 23:33:19.072844
178,guerrero negro,27.98,-114.06,72.61,73.0,0.0,12.55,MX,2020-10-19 23:33:19.119814
179,yerbogachen,61.28,108.01,25.9,96.0,100.0,9.57,RU,2020-10-19 23:33:19.173786
180,la primavera,5.49,-70.41,78.84,77.0,67.0,2.62,CO,2020-10-19 23:33:19.239776
181,verkhnyaya inta,65.98,60.31,20.79,93.0,100.0,5.08,RU,2020-10-19 23:33:19.311741
182,tawnat,,,,,,,,
183,martapura,-3.42,114.85,82.4,78.0,20.0,6.93,ID,2020-10-19 23:33:19.430704
184,male,4.17,73.51,84.2,79.0,75.0,13.87,MV,2020-10-19 23:33:19.477691
185,dom pedrito,-30.98,-54.67,67.78,74.0,0.0,5.06,BR,2020-10-19 23:33:19.553666
186,ohara,35.25,140.38,68.0,60.0,75.0,13.87,JP,2020-10-19 23:33:19.636535
187,kruisfontein,-34.0,24.73,61.0,63.0,65.0,3.0,ZA,2020-10-19 23:33:19.681518
188,kavieng,-2.57,150.8,83.55,70.0,99.0,3.36,PG,2020-10-19 23:33:19.727556
189,kendari,-3.94,122.5,90.1,46.0,74.0,5.08,ID,2020-10-19 23:33:19.786525
190,molina,-35.12,-71.28,62.6,39.0,82.0,5.82,CL,2020-10-19 23:33:19.852504
191,severo-kurilsk,50.68,156.12,41.49,67.0,87.0,14.25,RU,2020-10-19 23:33:19.892491
192,karasjok,69.47,25.51,35.6,93.0,98.0,6.93,NO,2020-10-19 23:33:20.017451
193,arraial do cabo,-22.97,-42.03,72.19,83.0,96.0,21.77,BR,2020-10-19 23:33:20.064436
194,takoradi,4.88,-1.76,76.53,89.0,83.0,6.82,GH,2020-10-19 23:33:20.124053
195,ilulissat,69.22,-51.1,37.4,74.0,100.0,6.93,GL,2020-10-19 23:33:20.204029
196,dikson,73.51,80.55,24.85,94.0,98.0,16.24,RU,2020-10-19 23:33:20.261009
197,attawapiskat,,,,,,,,
198,diebougou,10.97,-3.25,76.59,76.0,10.0,4.14,BF,2020-10-19 23:33:20.361980
199,berlevag,70.86,29.09,37.4,79.0,40.0,17.22,NO,2020-10-19 23:33:20.426957
200,surt,31.21,16.59,70.25,60.0,1.0,10.11,LY,2020-10-19 23:33:20.483938
201,xucheng,20.35,110.13,75.2,83.0,90.0,15.66,CN,2020-10-19 23:33:20.544919
202,barentsburg,,,,,,,,
203,leningradskiy,69.38,178.42,25.77,90.0,27.0,6.78,RU,2020-10-19 23:33:20.641888
204,moyo,3.66,31.72,63.66,100.0,100.0,3.67,UG,2020-10-19 23:33:20.708869
205,natal,-5.79,-35.21,73.4,88.0,40.0,3.36,BR,2020-10-19 23:33:20.769848
206,taburi,,,,,,,,
207,mandleshwar,22.18,75.67,75.2,83.0,31.0,1.77,IN,2020-10-19 23:33:20.880812
208,kieta,-6.22,155.63,85.23,69.0,44.0,4.07,PG,2020-10-19 23:33:20.940802
209,simpang,-1.27,104.08,84.63,79.0,93.0,2.77,ID,2020-10-19 23:33:21.044759
210,szany,47.46,17.3,44.6,70.0,11.0,6.93,HU,2020-10-19 23:33:21.122740
211,areosa,41.72,-8.86,63.0,100.0,90.0,10.29,PT,2020-10-19 23:33:21.219709
212,mys shmidta,,,,,,,,
213,hochst,47.46,9.64,42.8,100.0,90.0,4.7,AT,2020-10-19 23:33:21.315350
214,ponta do sol,32.67,-17.1,66.0,90.0,100.0,5.99,PT,2020-10-19 23:33:21.395325
215,lalibela,12.03,39.03,55.67,66.0,0.0,3.74,ET,2020-10-19 23:33:21.464303
216,solnechnyy,50.72,136.63,43.34,54.0,0.0,2.33,RU,2020-10-19 23:33:21.525284
217,new iberia,30.0,-91.82,73.0,94.0,75.0,3.36,US,2020-10-19 23:33:21.584264
218,biak,-0.91,122.88,84.54,66.0,100.0,8.86,ID,2020-10-19 23:33:21.668239
219,kargasok,59.06,80.86,37.58,95.0,100.0,7.0,RU,2020-10-19 23:33:21.736216
220,mayo,38.89,-76.51,61.0,100.0,1.0,3.36,US,2020-10-19 23:33:21.797196
221,skelleftea,64.75,20.95,23.0,92.0,100.0,5.82,SE,2020-10-19 23:33:21.854181
222,college,64.86,-147.8,21.99,85.0,90.0,1.88,US,2020-10-19 23:33:21.917158
223,ponta delgada,37.73,-25.67,60.8,77.0,20.0,14.99,PT,2020-10-19 23:33:21.968143
224,aykhal,66.0,111.5,19.4,92.0,90.0,2.24,RU,2020-10-19 23:33:22.025126
225,bubaque,11.28,-15.83,82.33,86.0,45.0,7.27,GW,2020-10-19 23:33:22.075108
226,sur,22.57,59.53,82.85,48.0,10.0,13.0,OM,2020-10-19 23:33:22.131091
227,palaiokhora,,,,,,,,
228,teluknaga,-6.1,106.64,93.0,55.0,20.0,10.29,ID,2020-10-19 23:33:22.252052
229,manicore,-5.81,-61.3,75.45,85.0,100.0,2.15,BR,2020-10-19 23:33:22.310036
230,hilotongan,11.14,123.64,83.52,75.0,99.0,10.63,PH,2020-10-19 23:33:22.386009
231,san quintin,30.48,-115.95,67.6,84.0,0.0,11.18,MX,2020-10-19 23:33:22.446989
232,preobrazheniye,42.9,133.91,58.68,53.0,0.0,3.71,RU,2020-10-19 23:33:22.544958
233,ukiah,39.15,-123.21,69.8,40.0,1.0,1.95,US,2020-10-19 23:33:22.595941
234,lipin bor,60.26,37.98,35.4,88.0,98.0,5.88,RU,2020-10-19 23:33:22.703908
235,nara,34.69,135.8,70.0,52.0,20.0,4.7,JP,2020-10-19 23:33:22.775884
236,dongkan,34.0,119.83,69.3,45.0,73.0,6.71,CN,2020-10-19 23:33:22.867873
237,aklavik,68.22,-135.01,23.0,92.0,90.0,3.36,CA,2020-10-19 23:33:22.922838
238,lae,-6.72,146.98,84.88,66.0,16.0,9.48,PG,2020-10-19 23:33:22.978834
239,udachnyy,66.42,112.4,19.4,92.0,90.0,2.24,RU,2020-10-19 23:33:23.033803
240,pisco,-13.7,-76.22,62.6,77.0,0.0,8.05,PE,2020-10-19 23:33:23.111780
241,umzimvubu,,,,,,,,
242,hargeysa,9.56,44.06,68.79,35.0,0.0,1.95,SO,2020-10-19 23:33:23.226413
243,hammerfest,70.66,23.68,33.8,92.0,75.0,11.41,NO,2020-10-19 23:33:23.284398
244,grand river south east,,,,,,,,
245,farafangana,-22.82,47.83,73.49,79.0,18.0,7.76,MG,2020-10-19 23:33:23.388374
246,nevel,56.02,29.93,37.72,80.0,78.0,12.86,RU,2020-10-19 23:33:23.445344
247,thompson,55.74,-97.86,26.6,73.0,90.0,5.82,CA,2020-10-19 23:33:23.520320
248,lompoc,34.64,-120.46,57.2,93.0,90.0,5.82,US,2020-10-19 23:33:23.564305
249,hasaki,35.73,140.83,68.0,60.0,75.0,13.87,JP,2020-10-19 23:33:23.604331
250,terre-de-bas,15.85,-61.64,75.2,94.0,3.0,2.35,GP,2020-10-19 23:33:23.676269
251,escanaba,45.75,-87.06,34.0,64.0,90.0,4.23,US,2020-10-19 23:33:23.728256
252,ketchikan,55.34,-131.65,46.4,93.0,20.0,5.82,US,2020-10-19 23:33:23.824235
253,luderitz,-26.65,15.16,57.27,68.0,0.0,22.1,NA,2020-10-19 23:33:23.867227
254,tyret pervaya,53.67,102.31,31.51,81.0,22.0,5.32,RU,2020-10-19 23:33:23.931188
255,balclutha,-46.23,169.75,55.78,45.0,91.0,4.74,NZ,2020-10-19 23:33:23.993168
256,kalemie,-5.95,29.19,71.6,71.0,82.0,4.99,CD,2020-10-19 23:33:24.060149
257,la quinta,33.66,-116.31,86.0,46.0,1.0,4.7,US,2020-10-19 23:33:24.114130
258,taoudenni,22.68,-3.98,78.1,24.0,0.0,14.81,ML,2020-10-19 23:33:24.169114
259,chipinge,-20.19,32.62,61.27,40.0,0.0,3.09,ZW,2020-10-19 23:33:24.237091
260,hilo,19.73,-155.09,80.6,65.0,1.0,9.17,US,2020-10-19 23:33:24.284076
261,tungkang,,,,,,,,
262,goderich,43.75,-81.72,44.01,85.0,100.0,10.92,CA,2020-10-19 23:33:24.400055
263,jasper,37.2,-94.35,44.01,90.0,100.0,1.01,US,2020-10-19 23:33:24.451023
264,irbil,36.19,44.01,55.4,35.0,0.0,5.82,IQ,2020-10-19 23:33:24.512054
265,palmer,42.16,-72.33,54.0,87.0,75.0,3.36,US,2020-10-19 23:33:24.603986
266,nouadhibou,20.93,-17.03,78.8,54.0,30.0,13.87,MR,2020-10-19 23:33:24.667953
267,dingle,11.0,122.67,80.26,87.0,100.0,3.58,PH,2020-10-19 23:33:24.744935
268,tidore,,,,,,,,
269,alofi,-19.06,-169.92,78.8,69.0,75.0,16.11,NU,2020-10-19 23:33:24.842809
270,muisne,0.6,-80.03,75.16,83.0,100.0,8.77,EC,2020-10-19 23:33:24.914725
271,kaitangata,-46.28,169.85,54.79,51.0,90.0,7.31,NZ,2020-10-19 23:33:24.962702
272,cabrero,-37.03,-72.4,53.6,66.0,92.0,5.82,CL,2020-10-19 23:33:25.035017
273,ubala,4.75,-72.54,74.7,87.0,53.0,3.44,CO,2020-10-19 23:33:25.094008
274,ballina,-28.87,153.57,75.2,53.0,40.0,14.99,AU,2020-10-19 23:33:25.165974
275,stutterheim,-32.57,27.42,60.8,77.0,40.0,17.22,ZA,2020-10-19 23:33:25.275940
276,shenjiamen,29.96,122.3,68.61,67.0,8.0,13.42,CN,2020-10-19 23:33:25.337724
277,bundaberg,-24.85,152.35,82.0,51.0,75.0,12.75,AU,2020-10-19 23:33:25.376713
278,yagodnoye,62.55,149.67,17.8,88.0,99.0,3.56,RU,2020-10-19 23:33:25.430694
279,boyolangu,-8.12,111.89,86.83,59.0,55.0,6.24,ID,2020-10-19 23:33:25.488677
280,verkh-usugli,52.7,115.17,40.05,70.0,100.0,5.23,RU,2020-10-19 23:33:25.568651
281,clarence town,-32.58,151.78,69.8,60.0,40.0,16.11,AU,2020-10-19 23:33:25.626638
282,kushima,31.46,131.23,71.6,56.0,20.0,16.11,JP,2020-10-19 23:33:25.686613
283,roxana,10.28,-83.75,68.0,94.0,75.0,2.24,CR,2020-10-19 23:33:25.737607
284,malm,64.07,11.22,36.0,86.0,16.0,11.41,NO,2020-10-19 23:33:25.792594
285,khonuu,,,,,,,,
286,zhifang,30.35,114.32,62.6,82.0,100.0,4.47,CN,2020-10-19 23:33:25.906543
287,vaasa,63.1,21.62,37.0,85.0,75.0,5.82,FI,2020-10-19 23:33:25.959529
288,coromandel,-18.47,-47.2,64.78,92.0,100.0,9.04,BR,2020-10-19 23:33:26.017507
289,dorado,18.46,-66.27,80.6,74.0,40.0,3.36,PR,2020-10-19 23:33:26.069491
290,nanortalik,60.14,-45.24,35.02,91.0,100.0,3.38,GL,2020-10-19 23:33:26.156466
291,mount isa,-20.73,139.5,98.6,14.0,5.0,6.93,AU,2020-10-19 23:33:26.227468
292,urucui,-7.23,-44.56,80.02,34.0,9.0,4.07,BR,2020-10-19 23:33:26.298419
293,fare,-16.7,-151.02,79.9,77.0,28.0,16.08,PF,2020-10-19 23:33:26.387389
294,tabiauea,,,,,,,,
295,ribeira grande,38.52,-28.7,64.44,66.0,45.0,24.58,PT,2020-10-19 23:33:26.487357
296,mocambique,,,,,,,,
297,naze,28.37,129.48,82.4,74.0,40.0,21.92,JP,2020-10-19 23:33:26.595322
298,bongandanga,1.5,21.05,69.37,99.0,100.0,2.24,CD,2020-10-19 23:33:26.679296
299,zhenlai,45.85,123.3,62.1,31.0,3.0,18.37,CN,2020-10-19 23:33:26.759273
300,san juan,-31.54,-68.54,60.22,31.0,0.0,9.19,AR,2020-10-19 23:33:26.802258
301,sillamae,59.4,27.75,39.43,76.0,100.0,16.37,EE,2020-10-19 23:33:26.859240
302,le port,-20.94,55.29,75.2,60.0,2.0,14.99,RE,2020-10-19 23:33:26.904224
303,pangnirtung,66.15,-65.71,23.02,91.0,96.0,6.08,CA,2020-10-19 23:33:26.963208
304,amapa,1.0,-52.0,71.49,91.0,100.0,2.35,BR,2020-10-19 23:33:27.027185
305,nome,64.5,-165.41,37.99,93.0,90.0,2.01,US,2020-10-19 23:33:27.075170
306,leshukonskoye,64.9,45.76,28.24,99.0,99.0,2.8,RU,2020-10-19 23:33:27.160145
307,dudinka,69.41,86.18,12.2,85.0,40.0,4.47,RU,2020-10-19 23:33:27.247114
308,tautira,-17.73,-149.15,82.4,69.0,20.0,18.34,PF,2020-10-19 23:33:27.303181
309,trinidad,-14.83,-64.9,73.54,94.0,67.0,5.08,BO,2020-10-19 23:33:27.375075
310,gobabis,-22.45,18.97,61.0,29.0,5.0,9.46,NA,2020-10-19 23:33:27.430083
311,kouqian,43.64,126.46,63.09,43.0,0.0,13.49,CN,2020-10-19 23:33:27.498035
312,dolbeau,,,,,,,,
313,gornopravdinsk,60.05,69.9,36.36,98.0,100.0,6.46,RU,2020-10-19 23:33:27.616996
314,ust-omchug,61.15,149.63,18.52,88.0,97.0,6.4,RU,2020-10-19 23:33:27.673978
315,likhovskoy,48.15,40.18,37.9,88.0,0.0,6.04,RU,2020-10-19 23:33:27.742956
316,sobolevo,54.43,31.9,36.16,88.0,50.0,13.89,RU,2020-10-19 23:33:27.811961
317,tunceli,39.11,39.55,57.2,54.0,40.0,5.82,TR,2020-10-19 23:33:27.892909
318,port augusta,-32.5,137.77,77.0,41.0,92.0,10.29,AU,2020-10-19 23:33:27.968137
319,vanimo,-2.67,141.3,86.65,61.0,57.0,5.5,PG,2020-10-19 23:33:28.026118
320,babati,-4.22,35.75,64.26,80.0,70.0,3.29,TZ,2020-10-19 23:33:28.097098
321,lolua,,,,,,,,
322,yarim,14.3,44.38,50.29,44.0,0.0,7.09,YE,2020-10-19 23:33:28.289035
323,nyimba,-14.56,30.81,72.3,35.0,0.0,3.85,ZM,2020-10-19 23:33:28.357012
324,mandalgovi,45.76,106.27,21.79,93.0,63.0,43.62,MN,2020-10-19 23:33:28.417997
325,vicente guerrero,19.12,-98.17,58.39,77.0,48.0,3.2,MX,2020-10-19 23:33:28.469977
326,rosetta,31.4,30.42,73.4,73.0,5.0,9.17,EG,2020-10-19 23:33:28.527961
327,jalu,29.03,21.55,67.3,76.0,1.0,10.67,LY,2020-10-19 23:33:28.579943
328,voh,-20.97,164.7,77.79,60.0,42.0,5.1,NC,2020-10-19 23:33:28.635924
329,yatou,37.15,122.38,68.7,37.0,50.0,10.45,CN,2020-10-19 23:33:28.703919
330,toila,59.42,27.5,39.34,77.0,95.0,18.21,EE,2020-10-19 23:33:28.758901
331,ixtapa,20.7,-105.2,84.99,79.0,75.0,1.14,MX,2020-10-19 23:33:28.820881
332,provideniya,64.38,-173.3,39.2,80.0,75.0,2.24,RU,2020-10-19 23:33:28.880860
333,adrar,20.5,-10.07,80.4,22.0,0.0,9.28,MR,2020-10-19 23:33:28.955820
334,nelson,-41.28,173.28,66.99,67.0,98.0,3.0,NZ,2020-10-19 23:33:29.073783
335,lima,-12.04,-77.03,62.6,82.0,5.0,9.17,PE,2020-10-19 23:33:29.117782
336,bowen,-20.02,148.23,89.6,40.0,75.0,14.99,AU,2020-10-19 23:33:29.179749
337,palana,59.12,159.97,36.93,81.0,93.0,9.93,RU,2020-10-19 23:33:29.237810
338,loa janan,-0.58,117.09,81.5,78.0,100.0,1.83,ID,2020-10-19 23:33:29.295713
339,porto novo,6.5,2.6,75.2,88.0,40.0,4.7,BJ,2020-10-19 23:33:29.345697
340,upata,8.01,-62.4,82.0,77.0,3.0,4.14,VE,2020-10-19 23:33:29.436668
341,edmundston,47.37,-68.33,46.4,93.0,90.0,5.82,CA,2020-10-19 23:33:29.514642
342,grand gaube,-20.01,57.66,77.0,69.0,0.0,11.01,MU,2020-10-19 23:33:29.564626
343,visby,57.64,18.3,33.8,80.0,83.0,2.24,SE,2020-10-19 23:33:29.643602
344,poum,-20.23,164.02,76.26,67.0,1.0,11.03,NC,2020-10-19 23:33:29.703591
345,chicama,-7.84,-79.15,63.07,80.0,31.0,4.41,PE,2020-10-19 23:33:29.762602
346,tuy hoa,13.08,109.3,81.86,82.0,100.0,4.74,VN,2020-10-19 23:33:29.808558
347,suntar,62.14,117.63,29.23,91.0,68.0,7.16,RU,2020-10-19 23:33:29.862535
348,kudahuvadhoo,2.67,72.89,82.27,78.0,79.0,12.06,MV,2020-10-19 23:33:29.921291
349,vestmannaeyjar,63.44,-20.27,39.38,77.0,72.0,3.38,IS,2020-10-19 23:33:29.961278
350,laguna,38.42,-121.42,73.99,43.0,1.0,4.27,US,2020-10-19 23:33:30.004264
351,itarema,-2.92,-39.92,78.64,80.0,15.0,17.81,BR,2020-10-19 23:33:30.072242
352,upernavik,72.79,-56.15,33.21,91.0,100.0,6.08,GL,2020-10-19 23:33:30.123226
353,fengxian,34.7,116.59,71.01,52.0,100.0,1.01,CN,2020-10-19 23:33:30.182207
354,asau,46.43,26.4,35.6,93.0,0.0,1.12,RO,2020-10-19 23:33:30.223207
355,sawakin,19.11,37.33,80.85,63.0,0.0,8.9,SD,2020-10-19 23:33:30.282175
356,grand-lahou,5.14,-5.02,76.26,89.0,67.0,6.89,CI,2020-10-19 23:33:30.348158
357,wajima,37.4,136.9,68.0,52.0,40.0,8.05,JP,2020-10-19 23:33:30.400137
358,kundiawa,-6.02,144.97,72.84,72.0,64.0,1.28,PG,2020-10-19 23:33:30.450122
359,hayrabolu,41.21,27.11,55.4,82.0,75.0,14.99,TR,2020-10-19 23:33:30.536094
360,shihezi,44.3,86.03,52.0,39.0,0.0,3.51,CN,2020-10-19 23:33:30.674050
361,iskateley,67.68,53.15,24.48,97.0,99.0,3.71,RU,2020-10-19 23:33:30.739031
362,poyarkovo,49.6,128.68,52.93,47.0,88.0,11.12,RU,2020-10-19 23:33:30.811010
363,mulanje,-16.03,35.5,73.26,51.0,0.0,5.1,MW,2020-10-19 23:33:30.877002
364,beloha,-25.17,45.05,72.97,49.0,0.0,3.36,MG,2020-10-19 23:33:30.929008
365,demyanovo,60.35,47.08,33.15,95.0,93.0,5.5,RU,2020-10-19 23:33:31.012945
366,griffith,41.53,-87.42,46.4,93.0,90.0,3.36,US,2020-10-19 23:33:31.062929
367,dabakala,8.37,-4.43,71.46,96.0,34.0,3.22,CI,2020-10-19 23:33:31.115910
368,ilhabela,-23.78,-45.36,71.67,88.0,98.0,4.88,BR,2020-10-19 23:33:31.219876
369,buncrana,55.13,-7.45,51.44,91.0,100.0,16.04,IE,2020-10-19 23:33:31.281871
370,mahebourg,-20.41,57.7,75.2,78.0,40.0,11.41,MU,2020-10-19 23:33:31.327842
371,copiapo,-27.37,-70.33,55.4,82.0,0.0,5.82,CL,2020-10-19 23:33:31.400820
372,sortland,68.69,15.42,36.0,86.0,84.0,10.29,NO,2020-10-19 23:33:31.458763
373,tonj,7.27,28.68,68.85,85.0,5.0,1.81,SS,2020-10-19 23:33:31.520743
374,kamachumu,-1.62,31.62,68.0,88.0,20.0,9.17,TZ,2020-10-19 23:33:31.576726
375,port angeles,48.12,-123.43,52.0,71.0,1.0,9.17,US,2020-10-19 23:33:31.625381
376,urumqi,43.8,87.6,57.2,26.0,0.0,2.24,CN,2020-10-19 23:33:31.693348
377,faanui,-16.48,-151.75,79.41,78.0,31.0,18.84,PF,2020-10-19 23:33:31.758326
378,nguiu,,,,,,,,
379,carnarvon,-24.87,113.63,75.2,60.0,72.0,18.34,AU,2020-10-19 23:33:31.883287
380,cofradia,15.4,-88.15,75.0,96.0,76.0,1.07,HN,2020-10-19 23:33:31.943268
381,pandan,14.05,124.17,81.21,83.0,100.0,15.23,PH,2020-10-19 23:33:32.009246
382,peniche,39.36,-9.38,64.0,90.0,100.0,10.0,PT,2020-10-19 23:33:32.143205
383,ouadda,8.08,22.4,67.57,76.0,69.0,1.63,CF,2020-10-19 23:33:32.235173
384,esil,51.96,66.4,49.89,63.0,0.0,12.39,KZ,2020-10-19 23:33:32.298154
385,souillac,-20.52,57.52,75.2,78.0,40.0,11.41,MU,2020-10-19 23:33:32.343142
386,kawalu,-7.38,108.21,85.41,62.0,91.0,4.45,ID,2020-10-19 23:33:32.414130
387,bac lieu,9.29,105.72,84.24,74.0,95.0,5.95,VN,2020-10-19 23:33:32.466101
388,briancon,44.9,6.65,50.0,87.0,61.0,2.33,FR,2020-10-19 23:33:32.539077
389,vila franca do campo,37.72,-25.43,60.8,77.0,20.0,14.99,PT,2020-10-19 23:33:32.602056
390,chapais,49.78,-74.85,28.4,92.0,75.0,2.24,CA,2020-10-19 23:33:32.658042
391,hambantota,6.12,81.12,82.4,78.0,20.0,6.93,LK,2020-10-19 23:33:32.711022
392,mendi,-6.18,143.65,68.05,71.0,90.0,3.8,PG,2020-10-19 23:33:32.784000
393,tucuman,-26.82,-65.22,89.6,38.0,75.0,20.8,AR,2020-10-19 23:33:32.837981
394,nabire,-3.37,135.48,86.38,62.0,100.0,6.11,ID,2020-10-19 23:33:32.884966
395,jovellar,13.07,123.6,79.47,89.0,100.0,8.52,PH,2020-10-19 23:33:32.940949
396,hovd,48.01,91.64,29.98,79.0,23.0,2.77,MN,2020-10-19 23:33:33.006928
397,nivala,63.92,24.97,26.01,94.0,69.0,5.99,FI,2020-10-19 23:33:33.076906
398,vila velha,-20.33,-40.29,69.8,94.0,75.0,4.7,BR,2020-10-19 23:33:33.142653
399,saint-augustin,51.23,-58.65,44.08,79.0,96.0,5.86,CA,2020-10-19 23:33:33.195597
400,miri,4.41,114.01,87.8,66.0,40.0,4.7,MY,2020-10-19 23:33:33.258577
401,milledgeville,33.08,-83.23,66.2,82.0,1.0,4.29,US,2020-10-19 23:33:33.314559
402,esperance,-33.87,121.9,68.0,82.0,75.0,11.41,AU,2020-10-19 23:33:33.379538
403,bayonet point,28.33,-82.68,75.0,87.0,92.0,14.56,US,2020-10-19 23:33:33.441518
404,ayan,56.45,138.17,34.36,72.0,0.0,13.71,RU,2020-10-19 23:33:33.576475
405,saint-georges,12.06,-61.75,80.6,83.0,20.0,11.41,GD,2020-10-19 23:33:33.646453
406,khurai,24.04,78.33,86.14,32.0,7.0,7.94,IN,2020-10-19 23:33:33.703434
407,lisakovsk,52.54,62.49,50.45,46.0,70.0,11.45,KZ,2020-10-19 23:33:33.761432
408,mago,53.25,140.18,38.17,61.0,0.0,10.89,RU,2020-10-19 23:33:33.829404
409,thabazimbi,-24.59,27.41,75.99,39.0,16.0,7.14,ZA,2020-10-19 23:33:33.899372
410,north platte,41.12,-100.77,44.01,70.0,75.0,5.82,US,2020-10-19 23:33:33.962351
411,farcasa,47.58,23.33,45.0,87.0,94.0,2.24,RO,2020-10-19 23:33:34.023334
412,luganville,-15.53,167.17,84.2,70.0,40.0,3.36,VU,2020-10-19 23:33:34.078317
413,afmadu,,,,,,,,
414,bagdarin,54.43,113.6,28.58,89.0,100.0,10.42,RU,2020-10-19 23:33:34.185281
415,axim,4.87,-2.24,77.0,88.0,76.0,7.0,GH,2020-10-19 23:33:34.250259
416,gladstone,-23.85,151.25,80.6,54.0,43.0,11.41,AU,2020-10-19 23:33:34.309242
417,mamallapuram,12.63,80.17,78.8,94.0,90.0,3.36,IN,2020-10-19 23:33:34.412212
418,walvis bay,-22.96,14.51,57.0,93.0,90.0,4.7,NA,2020-10-19 23:33:34.490184
419,cayeli,41.09,40.73,63.52,75.0,96.0,1.66,TR,2020-10-19 23:33:34.545167
420,khandbari,27.37,87.2,78.78,48.0,0.0,2.86,NP,2020-10-19 23:33:34.612145
421,mount gambier,-37.83,140.77,59.0,62.0,90.0,8.05,AU,2020-10-19 23:33:34.687121
422,buala,-8.14,159.59,85.06,71.0,94.0,2.57,SB,2020-10-19 23:33:34.775097
423,saleaula,,,,,,,,
424,leiyang,26.4,112.86,64.72,76.0,99.0,7.31,CN,2020-10-19 23:33:34.914048
425,kuche,,,,,,,,
426,daxian,,,,,,,,
427,marshfield,44.67,-90.17,28.0,85.0,1.0,4.68,US,2020-10-19 23:33:35.078995
428,chikoy,,,,,,,,
429,anadyr,64.75,177.48,37.4,85.0,40.0,13.42,RU,2020-10-19 23:33:35.211990
430,nishihara,26.18,127.76,86.0,70.0,75.0,18.34,JP,2020-10-19 23:33:35.266170
431,inhambane,-23.86,35.38,69.82,81.0,0.0,9.37,MZ,2020-10-19 23:33:35.307158
432,qui nhon,13.77,109.23,81.79,82.0,100.0,7.83,VN,2020-10-19 23:33:35.377147
433,aleksandrov gay,50.15,48.57,45.73,77.0,98.0,9.01,RU,2020-10-19 23:33:35.431118
434,dumraon,25.55,84.15,84.94,55.0,0.0,2.13,IN,2020-10-19 23:33:35.553081
435,juegang,32.32,121.19,68.11,60.0,32.0,11.59,CN,2020-10-19 23:33:35.619065
436,jizan,17.33,42.67,80.6,78.0,20.0,2.33,SA,2020-10-19 23:33:35.677043
437,tadine,-21.55,167.88,74.62,73.0,87.0,14.45,NC,2020-10-19 23:33:35.739019
438,filingue,14.35,3.32,85.89,28.0,0.0,8.21,NE,2020-10-19 23:33:35.807997
439,nortelandia,-14.45,-56.8,74.07,80.0,98.0,3.09,BR,2020-10-19 23:33:35.864979
440,araouane,18.9,-3.53,83.19,15.0,0.0,8.23,ML,2020-10-19 23:33:35.917962
441,kayerkan,69.35,87.76,12.2,85.0,40.0,4.47,RU,2020-10-19 23:33:35.998937
442,ampanihy,-24.7,44.75,77.2,29.0,0.0,4.81,MG,2020-10-19 23:33:36.053918
443,north bend,43.41,-124.22,59.0,93.0,1.0,5.82,US,2020-10-19 23:33:36.104903
444,skalistyy,,,,,,,,
445,aitape,-3.14,142.35,85.64,66.0,67.0,5.73,PG,2020-10-19 23:33:36.223865
446,harihar,14.52,75.8,75.47,82.0,90.0,6.33,IN,2020-10-19 23:33:36.294842
447,sentyabrskiy,,,,,,,,
448,ritchie,-29.04,24.6,57.2,30.0,0.0,4.7,ZA,2020-10-19 23:33:36.407806
449,tshikapa,-6.42,20.8,70.59,94.0,92.0,1.79,CD,2020-10-19 23:33:36.477784
450,hommersak,58.93,5.85,48.2,87.0,90.0,17.22,NO,2020-10-19 23:33:36.611741
451,kamenka,51.32,42.77,35.04,93.0,0.0,7.99,RU,2020-10-19 23:33:36.665725
452,rawson,-43.3,-65.1,50.68,47.0,0.0,8.68,AR,2020-10-19 23:33:36.737702
453,srivardhan,18.03,73.02,81.55,77.0,93.0,1.83,IN,2020-10-19 23:33:36.782686
454,lodja,-3.48,23.43,69.26,98.0,97.0,1.63,CD,2020-10-19 23:33:36.840673
455,shaoyang,27.23,111.45,60.94,71.0,100.0,6.4,CN,2020-10-19 23:33:36.901651
456,havelock,34.88,-76.9,66.99,93.0,90.0,8.05,US,2020-10-19 23:33:36.953632
457,numan,9.47,12.03,73.99,84.0,61.0,2.62,NG,2020-10-19 23:33:37.016612
458,plettenberg bay,-34.05,23.37,57.0,72.0,100.0,11.23,ZA,2020-10-19 23:33:37.107584
459,russell,32.35,-85.2,69.8,93.0,1.0,4.56,US,2020-10-19 23:33:37.161565
460,rungata,,,,,,,,
461,kozhevnikovo,56.26,83.97,37.53,78.0,100.0,10.38,RU,2020-10-19 23:33:37.261534
462,camopi,3.17,-52.32,72.93,91.0,100.0,3.13,GF,2020-10-19 23:33:37.321515
463,petropavl,54.88,69.16,44.6,70.0,79.0,6.71,KZ,2020-10-19 23:33:37.378506
464,nantucket,41.28,-70.1,57.0,83.0,90.0,3.36,US,2020-10-19 23:33:37.424495
465,carballo,43.21,-8.69,60.8,87.0,75.0,4.7,ES,2020-10-19 23:33:37.479468
466,kabompo,-13.59,24.2,60.76,32.0,0.0,4.83,ZM,2020-10-19 23:33:37.537445
467,assen,53.0,6.56,45.0,87.0,100.0,6.93,NL,2020-10-19 23:33:37.631105
468,rabo de peixe,37.8,-25.58,60.8,77.0,20.0,14.99,PT,2020-10-19 23:33:37.693071
469,pijijiapan,15.7,-93.23,76.44,82.0,100.0,6.38,MX,2020-10-19 23:33:37.815032
470,kenora,49.82,-94.43,28.4,54.0,75.0,5.82,CA,2020-10-19 23:33:37.869031
471,honningsvag,70.98,25.97,37.4,77.0,40.0,17.22,NO,2020-10-19 23:33:37.970002
472,sakaiminato,35.55,133.23,69.8,52.0,20.0,5.82,JP,2020-10-19 23:33:38.042959
473,motygino,58.18,94.76,30.22,97.0,100.0,9.15,RU,2020-10-19 23:33:38.098941
474,yeppoon,-23.13,150.73,87.8,40.0,40.0,10.29,AU,2020-10-19 23:33:38.161920
475,morgan city,29.7,-91.21,73.4,94.0,1.0,5.82,US,2020-10-19 23:33:38.224903
476,itoman,26.12,127.67,86.0,70.0,75.0,18.34,JP,2020-10-19 23:33:38.278885
477,passo de camaragibe,-9.24,-35.49,71.6,94.0,40.0,3.36,BR,2020-10-19 23:33:38.378434
478,itainopolis,-7.45,-41.48,78.69,30.0,42.0,6.71,BR,2020-10-19 23:33:38.488402
479,stornoway,58.21,-6.39,51.8,93.0,100.0,10.29,GB,2020-10-19 23:33:38.550378
480,te anau,-45.42,167.72,54.14,52.0,5.0,6.13,NZ,2020-10-19 23:33:38.644364
481,avera,33.19,-82.53,62.6,100.0,1.0,4.7,US,2020-10-19 23:33:38.709328
482,katsuura,35.13,140.3,66.99,55.0,78.0,7.0,JP,2020-10-19 23:33:38.766309
483,louisbourg,,,,,,,,
484,catuday,16.29,119.81,84.06,73.0,100.0,13.06,PH,2020-10-19 23:33:38.877275
485,dunedin,-45.87,170.5,53.01,70.0,94.0,15.99,NZ,2020-10-19 23:33:38.960247
486,darhan,49.49,105.92,32.32,76.0,94.0,16.31,MN,2020-10-19 23:33:39.025227
487,warqla,,,,,,,,
488,chaman,30.92,66.45,63.41,21.0,0.0,1.14,PK,2020-10-19 23:33:39.151186
489,longyearbyen,78.22,15.64,28.4,68.0,75.0,3.36,SJ,2020-10-19 23:33:39.230164
490,lasem,-6.69,111.45,87.57,60.0,67.0,9.48,ID,2020-10-19 23:33:39.306138
491,touros,-5.2,-35.46,73.4,88.0,40.0,3.36,BR,2020-10-19 23:33:39.348123
492,dehui,44.53,125.7,64.4,45.0,0.0,20.13,CN,2020-10-19 23:33:39.408104
493,vigrestad,58.57,5.7,46.0,99.0,100.0,3.0,NO,2020-10-19 23:33:39.469087
494,obera,-27.49,-55.12,70.05,54.0,0.0,3.31,AR,2020-10-19 23:33:39.528085
495,aflu,,,,,,,,
496,takestan,36.07,49.7,48.2,31.0,0.0,4.7,IR,2020-10-19 23:33:39.629260
497,muzaffarabad,34.37,73.47,77.02,19.0,0.0,2.42,PK,2020-10-19 23:33:39.678241
498,vila,42.03,-8.16,55.0,95.0,87.0,5.01,PT,2020-10-19 23:33:39.757218
499,camacha,33.08,-16.33,68.0,94.0,75.0,17.22,PT,2020-10-19 23:33:39.845188
500,teeli,51.03,90.23,29.79,77.0,100.0,2.59,RU,2020-10-19 23:33:39.907173
501,namatanai,-3.67,152.43,84.78,69.0,97.0,2.01,PG,2020-10-19 23:33:39.971147
502,ucluelet,48.93,-125.55,50.0,88.0,61.0,12.28,CA,2020-10-19 23:33:40.019137
503,barcelona,41.39,2.16,63.0,87.0,75.0,4.7,ES,2020-10-19 23:33:40.068130
504,saryozek,44.36,77.98,62.35,26.0,0.0,5.19,KZ,2020-10-19 23:33:40.127111
505,meulaboh,4.14,96.13,88.29,56.0,4.0,1.12,ID,2020-10-19 23:33:40.171084
506,padang,-0.95,100.35,88.45,53.0,59.0,6.2,ID,2020-10-19 23:33:40.245076
507,sakakah,29.97,40.21,59.0,18.0,0.0,4.7,SA,2020-10-19 23:33:40.313057
508,kodinsk,58.69,99.18,29.93,93.0,99.0,9.42,RU,2020-10-19 23:33:40.411008
509,toliary,,,,,,,,
510,santa vitoria do palmar,-33.52,-53.37,64.89,80.0,9.0,13.6,BR,2020-10-19 23:33:40.506977
511,rorvik,64.86,11.24,39.76,72.0,27.0,12.48,NO,2020-10-19 23:33:40.572957
512,chingirlau,51.09,54.08,50.13,81.0,98.0,14.2,KZ,2020-10-19 23:33:40.636663
513,puerto baquerizo moreno,-0.9,-89.6,69.57,87.0,77.0,12.57,EC,2020-10-19 23:33:40.684645
514,ondjiva,-17.07,15.73,65.14,28.0,0.0,7.49,AO,2020-10-19 23:33:40.738628
515,ulaangom,49.98,92.07,34.83,69.0,31.0,7.11,MN,2020-10-19 23:33:40.807606
516,caravelas,-17.71,-39.25,71.67,86.0,100.0,2.3,BR,2020-10-19 23:33:40.900578
517,praia da vitoria,38.73,-27.07,60.8,82.0,20.0,26.78,PT,2020-10-19 23:33:40.944562
518,alice springs,-23.7,133.88,86.0,40.0,20.0,11.41,AU,2020-10-19 23:33:41.013541
519,wadi maliz,36.47,8.55,48.2,81.0,0.0,4.7,TN,2020-10-19 23:33:41.075520
520,lyantonde,-0.4,31.16,62.47,94.0,95.0,3.11,UG,2020-10-19 23:33:41.159496
521,hervey bay,-25.3,152.85,82.0,51.0,75.0,12.75,AU,2020-10-19 23:33:41.221474
522,la ronge,55.1,-105.28,26.6,53.0,90.0,5.82,CA,2020-10-19 23:33:41.281455
523,ancud,-41.87,-73.82,44.01,93.0,75.0,6.93,CL,2020-10-19 23:33:41.336437
524,port macquarie,-31.43,152.92,71.01,56.0,29.0,1.99,AU,2020-10-19 23:33:41.396418
525,santa catarina de tepehuanes,25.35,-105.73,60.67,44.0,12.0,1.59,MX,2020-10-19 23:33:41.475400
526,sampit,-2.53,112.95,91.54,58.0,100.0,1.16,ID,2020-10-19 23:33:41.599353
527,bourail,-21.57,165.48,79.75,50.0,27.0,5.73,NC,2020-10-19 23:33:41.663351
528,korla,41.76,86.15,60.33,29.0,0.0,6.26,CN,2020-10-19 23:33:41.767301
529,krasnozerskoye,53.98,79.24,41.4,64.0,100.0,10.0,RU,2020-10-19 23:33:41.823283
530,hanzhong,33.07,107.03,63.84,60.0,99.0,1.77,CN,2020-10-19 23:33:41.896258
531,nakanojo,36.58,138.85,71.01,45.0,16.0,1.01,JP,2020-10-19 23:33:41.959239
532,santa marta de tormes,40.95,-5.63,57.99,82.0,90.0,12.75,ES,2020-10-19 23:33:42.021219
533,verkhnedneprovskiy,54.98,33.35,36.36,86.0,53.0,14.54,RU,2020-10-19 23:33:42.076211
534,kaa-khem,51.68,94.73,29.86,79.0,91.0,5.75,RU,2020-10-19 23:33:42.146179
535,presidencia roque saenz pena,-26.79,-60.44,81.9,47.0,0.0,8.9,AR,2020-10-19 23:33:42.198162
536,nioro,13.35,-15.75,76.82,70.0,0.0,3.51,GM,2020-10-19 23:33:42.248161
537,kamenskoye,,,,,,,,
538,tasbuget,,,,,,,,
539,paranhos,-23.89,-55.43,72.55,63.0,0.0,5.08,BR,2020-10-19 23:33:42.408097
540,riberalta,-10.98,-66.1,72.9,88.0,100.0,1.66,BO,2020-10-19 23:33:42.495068
541,barguzin,53.62,109.62,31.3,87.0,86.0,10.76,RU,2020-10-19 23:33:42.555049
542,bhatapara,21.73,81.93,80.6,83.0,0.0,5.82,IN,2020-10-19 23:33:42.629024
543,kribi,2.95,9.92,75.92,91.0,100.0,3.71,CM,2020-10-19 23:33:42.688006
544,christchurch,-43.53,172.63,57.2,58.0,37.0,19.46,NZ,2020-10-19 23:33:42.758984
545,tyssedal,60.12,6.56,44.01,95.0,100.0,3.0,NO,2020-10-19 23:33:42.869950
546,sibolga,1.74,98.78,88.16,53.0,48.0,3.74,ID,2020-10-19 23:33:42.916932
547,oktyabrskiy,54.48,53.47,39.9,72.0,100.0,8.28,RU,2020-10-19 23:33:42.995908
548,srednekolymsk,67.45,153.68,20.57,96.0,98.0,2.17,RU,2020-10-19 23:33:43.053891
549,bolshoy tsaryn,,,,,,,,
550,ust-tsilma,65.44,52.15,27.32,97.0,100.0,6.2,RU,2020-10-19 23:33:43.156613
551,kualakapuas,-3.01,114.39,82.4,78.0,20.0,6.93,ID,2020-10-19 23:33:43.213616
552,port keats,-14.25,129.55,90.05,53.0,77.0,7.63,AU,2020-10-19 23:33:43.265561
553,buraydah,26.33,43.98,59.0,41.0,0.0,5.82,SA,2020-10-19 23:33:43.305548
554,panlaitan,12.12,119.85,83.91,72.0,100.0,1.41,PH,2020-10-19 23:33:43.388522
555,tamale,9.4,-0.84,75.61,88.0,7.0,4.56,GH,2020-10-19 23:33:43.441531
556,novokayakent,42.39,47.99,64.4,59.0,77.0,24.61,RU,2020-10-19 23:33:43.505484
557,puerto colombia,10.99,-74.95,77.0,94.0,40.0,3.36,CO,2020-10-19 23:33:43.589460
558,cabanas,22.98,-82.92,73.4,100.0,75.0,12.75,CU,2020-10-19 23:33:43.702423
559,alta floresta,-9.88,-56.09,70.3,98.0,96.0,4.32,BR,2020-10-19 23:33:43.756405
560,gashua,12.87,11.05,79.5,19.0,0.0,4.18,NG,2020-10-19 23:33:43.812398
561,kyren,51.68,102.14,29.07,86.0,62.0,1.54,RU,2020-10-19 23:33:43.881364
562,samalaeulu,,,,,,,,
563,tabuk,17.42,121.44,79.61,86.0,100.0,15.88,PH,2020-10-19 23:33:43.980352
564,alyangula,-13.85,136.42,93.2,38.0,0.0,12.75,AU,2020-10-19 23:33:44.041313
565,vanersborg,58.38,12.32,39.99,86.0,100.0,10.29,SE,2020-10-19 23:33:44.093310
566,zhigansk,66.77,123.37,19.38,96.0,100.0,13.51,RU,2020-10-19 23:33:44.159279
567,cattolica,43.96,12.74,52.0,100.0,78.0,2.24,IT,2020-10-19 23:33:44.231269
568,broken hill,-31.95,141.43,73.4,25.0,95.0,6.93,AU,2020-10-19 23:33:44.275239
569,quballat,36.54,9.66,55.4,93.0,40.0,5.59,TN,2020-10-19 23:33:44.337219
570,milkovo,54.72,158.62,41.68,61.0,100.0,10.74,RU,2020-10-19 23:33:44.387203
571,necochea,-38.55,-58.74,50.0,66.0,0.0,5.01,AR,2020-10-19 23:33:44.433188
572,kristiinankaupunki,62.27,21.38,33.94,90.0,95.0,4.23,FI,2020-10-19 23:33:44.500167
573,luanda,-8.84,13.23,75.2,88.0,75.0,5.82,AO,2020-10-19 23:33:44.545152
574,byron bay,-28.65,153.62,73.4,53.0,40.0,14.99,AU,2020-10-19 23:33:44.603134
575,olafsvik,64.89,-23.71,38.64,75.0,60.0,7.83,IS,2020-10-19 23:33:44.669113
576,paamiut,61.99,-49.67,41.86,66.0,100.0,28.39,GL,2020-10-19 23:33:44.711099
577,naberera,-4.2,36.93,61.45,84.0,28.0,6.6,TZ,2020-10-19 23:33:44.777079
578,umm lajj,25.02,37.27,83.34,34.0,0.0,7.94,SA,2020-10-19 23:33:44.833076
579,kifri,34.7,44.97,70.79,23.0,0.0,5.97,IQ,2020-10-19 23:33:44.898039
580,severo-yeniseyskiy,60.37,93.04,26.2,96.0,100.0,6.93,RU,2020-10-19 23:33:44.956022
581,yarada,17.65,83.27,84.2,79.0,40.0,4.7,IN,2020-10-19 23:33:45.018001
582,reno,39.53,-119.81,59.0,27.0,1.0,8.05,US,2020-10-19 23:33:45.076982
583,grindavik,63.84,-22.43,33.8,86.0,20.0,8.05,IS,2020-10-19 23:33:45.129973
584,cuajinicuilapa,16.47,-98.42,77.72,86.0,46.0,2.04,MX,2020-10-19 23:33:45.202942
585,komsomolskiy,40.43,71.72,57.2,25.0,0.0,4.7,UZ,2020-10-19 23:33:45.260508
586,solec kujawski,53.08,18.23,37.0,100.0,61.0,2.24,PL,2020-10-19 23:33:45.317488
587,ginda,30.69,78.49,71.6,68.0,0.0,4.09,IN,2020-10-19 23:33:45.383467
588,ayaviri,-14.89,-70.59,47.17,62.0,85.0,0.67,PE,2020-10-19 23:33:45.445446
589,tanggu,39.02,117.65,68.0,42.0,75.0,11.18,CN,2020-10-19 23:33:45.524424
590,nadym,65.53,72.52,26.33,98.0,72.0,1.54,RU,2020-10-19 23:33:45.592400
591,lorengau,-2.02,147.27,84.67,67.0,100.0,4.45,PG,2020-10-19 23:33:45.638385
592,oum hadjer,13.3,19.7,80.74,26.0,0.0,5.79,TD,2020-10-19 23:33:45.696366
593,rafaela,-31.25,-61.49,70.0,60.0,41.0,7.0,AR,2020-10-19 23:33:45.743352
594,ulaanbaatar,47.91,106.88,23.0,67.0,75.0,24.61,MN,2020-10-19 23:33:45.804335
595,karaul,,,,,,,,
596,igarka,67.47,86.58,10.6,96.0,99.0,4.21,RU,2020-10-19 23:33:45.917309
597,reconquista,-29.15,-59.65,76.51,66.0,0.0,8.37,AR,2020-10-19 23:33:45.979281
598,elizabeth city,36.29,-76.25,66.2,100.0,90.0,6.93,US,2020-10-19 23:33:46.049254
599,marcona,,,,,,,,
600,moindou,-21.69,165.68,86.0,45.0,30.0,10.29,NC,2020-10-19 23:33:46.152221
601,ahipara,-35.17,173.17,64.98,65.0,99.0,10.11,NZ,2020-10-19 23:33:46.196208
602,mosquera,4.71,-74.23,51.8,87.0,40.0,3.36,CO,2020-10-19 23:33:46.289177
603,bossembele,,,,,,,,
604,sheltozero,61.37,35.37,36.05,86.0,100.0,11.88,RU,2020-10-19 23:33:46.433133
605,hobyo,5.35,48.53,80.51,76.0,0.0,12.19,SO,2020-10-19 23:33:46.486115
606,khobi,42.32,41.9,60.8,93.0,90.0,3.36,GE,2020-10-19 23:33:46.555092
607,mizdah,31.45,12.98,53.74,84.0,0.0,5.46,LY,2020-10-19 23:33:46.664073
608,malanje,-9.54,16.34,66.18,93.0,81.0,6.76,AO,2020-10-19 23:33:46.730052
609,sept-iles,50.2,-66.38,41.0,100.0,90.0,4.7,CA,2020-10-19 23:33:46.787033
610,miraflores,19.22,-98.81,64.4,52.0,5.0,9.17,MX,2020-10-19 23:33:46.852999
611,tomohon,1.33,124.84,87.8,62.0,40.0,6.93,ID,2020-10-19 23:33:46.913978
612,shingu,33.73,135.98,71.6,46.0,40.0,3.36,JP,2020-10-19 23:33:46.960964
613,namibe,-15.2,12.15,66.42,84.0,13.0,3.27,AO,2020-10-19 23:33:47.073927
614,trairi,-3.28,-39.27,79.07,78.0,23.0,14.54,BR,2020-10-19 23:33:47.116913
615,champerico,14.3,-91.92,69.01,95.0,98.0,1.23,GT,2020-10-19 23:33:47.170897
616,dwarka,22.24,68.97,85.96,70.0,66.0,7.47,IN,2020-10-19 23:33:47.224879
617,suileng,47.25,127.08,55.15,55.0,0.0,16.78,CN,2020-10-19 23:33:47.293858
618,astana,51.18,71.45,33.8,74.0,4.0,4.47,KZ,2020-10-19 23:33:47.340842
619,bathsheba,13.22,-59.52,80.6,78.0,40.0,4.7,BB,2020-10-19 23:33:47.417819
620,moose factory,51.26,-80.61,26.6,92.0,1.0,3.36,CA,2020-10-19 23:33:47.512787
621,frohnleiten,47.27,15.32,42.01,99.0,71.0,1.97,AT,2020-10-19 23:33:47.574782
622,mercedes,-34.65,-59.43,60.01,68.0,100.0,3.0,AR,2020-10-19 23:33:47.641746
623,manggar,-2.88,108.27,85.8,65.0,78.0,6.76,ID,2020-10-19 23:33:47.706743
624,isla mujeres,21.23,-86.73,75.2,100.0,20.0,4.7,MX,2020-10-19 23:33:47.765707
625,parauna,-16.95,-50.45,69.57,87.0,100.0,1.61,BR,2020-10-19 23:33:47.836918
626,lazaro cardenas,17.96,-102.2,79.86,87.0,34.0,2.68,MX,2020-10-19 23:33:47.897898
627,hennenman,-27.98,27.02,64.33,27.0,1.0,5.37,ZA,2020-10-19 23:33:47.952881
628,teahupoo,-17.83,-149.27,82.4,69.0,20.0,18.34,PF,2020-10-19 23:33:48.010863
629,lulea,65.58,22.15,26.6,86.0,91.0,10.29,SE,2020-10-19 23:33:48.066846
630,krasnoselkup,65.7,82.47,23.05,98.0,100.0,9.69,RU,2020-10-19 23:33:48.130824
631,luena,-11.78,19.92,61.32,70.0,0.0,4.72,AO,2020-10-19 23:33:48.192844
